Product Code,Product Name,Department,EUDR status,Commodity,Rationale,Evidence
1090,Sweetcorn 326g,CANNED VEG,Out,None,No EUDR commodity in product content,Confirmed
1155,Chopped Tomatoes 400g,CANNED VEG,Out,None,No EUDR commodity in product content,Confirmed
1160,Peeled Tomatoes 400g,CANNED VEG,Out,None,No EUDR commodity in product content,Confirmed
1165,Red Kidney Beans 400g,CANNED VEG,Out,None,No EUDR commodity in product content,Confirmed
1250,Homestead Kitchen Foil 440mmx10M ,Household,Out,None,Plastic/metal — not an EUDR commodity,Confirmed
1280,HS Jumbo Extra Strong Refuse Sacks 8's ,Household,Out,None,Plastic/metal — not an EUDR commodity,Confirmed
1300,Freezer Bags on Roll 12x15 (HOM8),Household,Out,None,Plastic/metal — not an EUDR commodity,Confirmed
2075,Powder Free Vinyl Gloves Clear Med 100's,Kitchen,Out,None,Plastic/metal — not an EUDR commodity,Confirmed
2255,"Heavy Duty Refuse Sacks on a roll 26""x44"" - 2x25's (WH41)",Kitchen,Out,None,Plastic/metal — not an EUDR commodity,Confirmed
2260,Powder Free Vinyl Gloves Clear Small 100's,Kitchen,Out,None,Plastic/metal — not an EUDR commodity,Confirmed
2305,Powder Free Vinyl Gloves Clear Large 100's,Kitchen,Out,None,Plastic/metal — not an EUDR commodity,Confirmed
2310,Powder Free Vinyl Gloves Clear X-Large 100's,Kitchen,Out,None,Plastic/metal — not an EUDR commodity,Confirmed
2385,Powdered Vinyl Gloves Clear Med 100's,Kitchen,Out,None,Plastic/metal — not an EUDR commodity,Confirmed
2395,Powdered Vinyl Gloves Clear Large 100's,Kitchen,Out,None,Plastic/metal — not an EUDR commodity,Confirmed
2400,Powdered Vinyl Gloves Clear X-Large 100's,Kitchen,Out,None,Plastic/metal — not an EUDR commodity,Confirmed
2410,Powdered Vinyl Gloves Blue Med 100's,Kitchen,Out,None,Plastic/metal — not an EUDR commodity,Confirmed
2415,Powdered Vinyl Gloves Blue Large 100's,Kitchen,Out,None,Plastic/metal — not an EUDR commodity,Confirmed
2420,Powdered Vinyl Gloves Blue X-Large 100's,Kitchen,Out,None,Plastic/metal — not an EUDR commodity,Confirmed
2460,White Sugar Sachets 1000's,Seasonings,Out,None,No EUDR commodity in product content,Confirmed
2465,Brown Sugar Sachets 1000's,Seasonings,Out,None,No EUDR commodity in product content,Confirmed
2470,White Sugar Sticks 1000's,Seasonings,Out,None,No EUDR commodity in product content,Confirmed
2475,Brown Sugar Sticks 1000's,Seasonings,Out,None,No EUDR commodity in product content,Confirmed
2480,Salt Sachets 1000's,Seasonings,Out,None,No EUDR commodity in product content,Confirmed
2485,Pepper Sachets 1000's,Seasonings,Out,None,No EUDR commodity in product content,Confirmed
2515,Easi Cook Rice 5kg,Rice,Out,None,No EUDR commodity in product content,Confirmed
2520,Cornflour 3kg,Baking,Out,None,No EUDR commodity in product content,Confirmed
2525,Plain Flour 25kg,Baking,Out,None,No EUDR commodity in product content,Confirmed
2530,Bakers Flour 16kg,Baking,Out,None,No EUDR commodity in product content,Confirmed
2535,Self-Raising Flour 25kg,Baking,Out,None,No EUDR commodity in product content,Confirmed
5245,Firelighters 60's (New),FUELS,In — EUDR,Wood,Flammable substance is wood-based — sponsor domain confirmation (supersedes market proxy),Sponsor confirmed
5250,Firelighters 30's (New),FUELS,In — EUDR,Wood,Flammable substance is wood-based — sponsor domain confirmation (supersedes market proxy),Sponsor confirmed
5930,WHITE HAT COOKING FOIL 440MM X 90M,Kitchen,Out,None,Plastic/metal — not an EUDR commodity,Confirmed
5955,Distilled Vinegar 5lt,Sauces,Out,None,No EUDR commodity in product content,Confirmed
10026,Spaghetti 500g,PASTA,Out,None,No EUDR commodity in product content,Confirmed
10027,Penne Pasta 500g,PASTA,Out,None,No EUDR commodity in product content,Confirmed
10028,Fusilli Pasta 500g,PASTA,Out,None,No EUDR commodity in product content,Confirmed
10037,Plain Flour 2kg - Non Flashed,FLOUR,Out,None,No EUDR commodity in product content,Confirmed
10038,Self Raising Flour 2kg - Non Flashed,FLOUR,Out,None,No EUDR commodity in product content,Confirmed
10039,Wholemeal Flour 2kg - Non Flashed,FLOUR,Out,None,No EUDR commodity in product content,Confirmed
10050,Orange Juice 1ltr ,JUICE,Out,None,No EUDR commodity in product content,Confirmed
10051,Apple Juice 1ltr ,JUICE,Out,None,No EUDR commodity in product content,Confirmed
10052,Cranberry Juice Reduced Sugar 1lt,JUICE,Out,None,No EUDR commodity in product content,Confirmed
10096,Plain Flour 16kg,Baking,Out,None,No EUDR commodity in product content,Confirmed
10105,Cooking Oil 20lt,Oil,Likely out (proxy),Soy? (if veg-blend),Market channel rapeseed-dominant; soy possible,Market proxy — supplier check
10118,WHITE HAT BAKING PARCH 450MM X 50M ,Kitchen,Out,None,No EUDR commodity in product content,Confirmed
10148,Chopped Tomatoes 2.55kg,Tinned Veg,Out,None,No EUDR commodity in product content,Confirmed
10165,All Purpose Cloths 10's,Household,Out,None,No EUDR commodity in product content,Confirmed
10175,Paws Beef Complete 2.5kg + 60% XF,Paws Pet Food,In — EUDR,Cattle,Beef-derived product content,Confirmed
10176,Paws Chicken Complete 2.5kg + 60% XF,Paws Pet Food,In — EUDR (proxy),Soy / Cattle,Market equivalents list soybean meal & cattle derivatives,Market proxy — supplier check
10177,Large Refuse Sacks BOR 26x44 25s(WH40A),Kitchen,Out,None,Plastic/metal — not an EUDR commodity,Confirmed
10231,Beans 420g,CANNED VEG,Out,None,No EUDR commodity in product content,Confirmed
10232,Peas 420g,CANNED VEG,Out,None,No EUDR commodity in product content,Confirmed
10376,Strawberry Jam 20grm,Portions,Out,None,No EUDR commodity in product content,Confirmed
10377,Raspberry Jam 20grm,Portions,Out,None,No EUDR commodity in product content,Confirmed
10378,Blackcurrant Jam 20grm,Portions,Out,None,No EUDR commodity in product content,Confirmed
10379,Marmalade 20grm,Portions,Out,None,No EUDR commodity in product content,Confirmed
10385,Assorted Jam 20grm,Portions,Out,None,No EUDR commodity in product content,Confirmed
10407,Wholemeal Flour 16kg,Baking,Out,None,No EUDR commodity in product content,Confirmed
10418,8oz Single Wall Black Cup 50's ,Beverage,Out,None,No EUDR commodity in product content,Confirmed
10427,8oz Lids 100's,Beverage,Out,None,No EUDR commodity in product content,Confirmed
10428,12oz/16oz Lids (ND) 100's,Beverage,Out,None,No EUDR commodity in product content,Confirmed
10457,Firelog 700g,FUELS,In — EUDR,Wood,Wood-derived product content,Confirmed
10484,Paws Complete Dog Food 10kg ,Paws Pet Food,In — EUDR (proxy),Soy / Cattle,Market equivalents list soybean meal & cattle derivatives,Market proxy — supplier check
10487,Plastic Flexi Pint Glasses 50's ,Beverage,Out,None,No EUDR commodity in product content,Confirmed
10488,Plastic Flexi Half Pint Glasses 50's ,Beverage,Out,None,No EUDR commodity in product content,Confirmed
10489,7oz White Plastic Cups 100's,Beverage,Out,None,No EUDR commodity in product content,Confirmed
10513,Comfort Toilet Tissue 4 Roll - €1.49(9127),TISSUE,In — EUDR,Wood,Wood-derived product content,Confirmed
10519,8oz Compostable Lids 100's,Beverage,Out,None,No EUDR commodity in product content,Confirmed
10520,12/16oz Compostable Lids 100's,Beverage,Out,None,No EUDR commodity in product content,Confirmed
10524,Chick Peas 400g ,CANNED VEG,Out,None,No EUDR commodity in product content,Confirmed
10546,"7"" Bagasse Compostable Round Plate 50's",Plates,Out,None,No EUDR commodity in product content,Confirmed
10547,"9"" Bagasse Compostable Round Plate 50's",Plates,Out,None,No EUDR commodity in product content,Confirmed
10555,Curry Sauce 15lt,Paste,Out,None,No EUDR commodity in product content,Confirmed
10588,Comfort Toilet Tissue 16 Roll (7665),TISSUE,In — EUDR,Wood,Wood-derived product content,Confirmed
10589,Luxury Soft Toilet Tissue 9Roll (7653),TISSUE,In — EUDR,Wood,Wood-derived product content,Confirmed
10592,Black Refuse Sacks on Roll 8's(HOM4A),Household,Out,None,Plastic/metal — not an EUDR commodity,Confirmed
10599,Homestead Firelogs 700g - New Code,FUELS,In — EUDR,Wood,Wood-derived product content,Confirmed
10602,Luxury Soft Toilet Tissue 4 Roll €2 (7808),TISSUE,In — EUDR,Wood,Wood-derived product content,Confirmed
10604,HS Firelighters 30 New Pack,FUELS,In — EUDR,Wood,Flammable substance is wood-based — sponsor domain confirmation (supersedes market proxy),Sponsor confirmed
10605,HS Firelighters 60 New Pack,FUELS,In — EUDR,Wood,Flammable substance is wood-based — sponsor domain confirmation (supersedes market proxy),Sponsor confirmed
1190/1180,Paws Tins 400g,Paws Pet Food,In — EUDR (proxy),Soy / Cattle,Market equivalents list soybean meal & cattle derivatives,Market proxy — supplier check
